name,이동진 별점,이동진 코멘트
이동진 평론가,4.5,&#x27;모두가 대통령의 사람들&#x27;과 함께 오래도록 거론될 모범적 언론영화.
김수빈,3.0,영화 내내 드는 생각은 김강우는 뭐때문에 저렇게까지 열심히뛰지? 그리고 박성웅이 김강우에게 미운정들어 점점 살살때리나...?라는 생각뿐
Sloth K,5.0,"선라이즈의 동화,
선셋의 낭만,
미드나잇의 시간."
송재한,2.0,이랬다가 저랬다가 왔다 갔다.
김기광,,"영화보다 대단한게 한국 광고 회사라는 거다. 몇 백만의 관객에게 놀란의 영화라 속였으니 상업적 카이저 소제가 따로 없다.
놀란 추종자들의 허세는 덤이고."
영웅,0.5,시사회 보고 왔는데 내 인생에서 두시간을 낭비함... 아 3분 정도는 건짐
keeper,3.0,두시간짜리 예고편
허진진,4.5,"난 우리나라기업에게도 이런식의 직원채용이필요하다고 절실히느꼈다
연륜에서 나오는 지혜만큼이나
좋은게 있을까"
히스,3.5,겉모습이 중요하지 않다고 말하면서 결정적인 순간마다 등장하는 &#x27;젊고 잘생긴 남성&#x27; 우진. 영화와 메세지 사이의 묘한 이질감.
김민지,4.0,"초반은 살짝지루하나 강동원이 잘생겼으며, 전체적으로 단조로운 구성이지만 강동원이 잘생겼으며, 여고생역의 연기가 실감나서 공포감을 고조시키는데 강동원이 잘생겼으며, 웬만한 공포영화 못지않게 무섭고 오락성이 뛰어난데 강동원이 잘생겼다."
김용현,4.0,"흔히 물의를 일으킨 연기자들은 이렇게 말한다. &quot;더 좋은 연기로 찾아뵙겠다고&quot; 
그는 정말로 그렇게 행하였다."
류주니,4.0,기분나쁜영화
이동진 평론가,4.0,하나를 위한 전체.  세상에서 가장 낙천적인 (SF)재난영화.
이동호,3.0,"미드나잇 인 파리, 어바웃 타임 그리고 시간 여행자의 아내까지 레이첼 맥아담스는 진정 시간 여행자들의 아내였다."
워노워노,3.5,강동원(35) 처녀귀신 역
워노워노,3.5,C급 현실성 B급 스토리 A급 배우들 S급 영상미
이동진 평론가,3.5,두 주인공이 처음 직접 대면하게 될 때의 굉장한 박력.
김태균,4.5,"영화의 대사를 빌려서: &quot;Yes, I am satisfied with my care!&quot;"
김태균,1.5,그녀는 그렇게 Her (2013)의 사만다 (Samantha)가 되었다.
김경찬,5.0,‘세상에서 가장 예쁜 여인과 키스하기’ 항목을 지울 때...
문성희,5.0,원빈 보려다 신하균한테 홀림
최영생,4.5,"수 많은 염석진은 아직 살아있고
잊지 말아달라던 사람들은 잊혀졌고
부서진 집을 고치지 않던 동포들이 돌아올 고향은 아직 없다."
이동진 평론가,3.5,심플하고 힘있게 치고 달리는 영화가 선사하는 통쾌함.
박정서,3.5,생각보다 놀란 민호의 비중
최창원,0.5,축하드립니다 드디어 왓챠에 별점 반 개 기능이 추가되었습니다!
준희,5.0,"첫사랑, 그 설레고 아련했던 사랑의 감정 그리고 풋풋하고 찌질했던 우리 모두의 이야기"
이관민,2.0,감동을 위해서라면 최소한의 개연성마저 과감히 생략하는 감독의 기백이 돋보임
Jae Bong Choi,4.0,신을 흑인으로 설정했다는데 더 높은 점수를 주고싶다
이상혁,4.0,엑기스만 먼저 봤던 나를 반성한다
임기원,3.0,이 영화엔 평점이 몇점이든 다 잘어울린다.
최문석,5.0,브라더는 형만 믿으면 되야.
TUDDI,5.0,"스토리는 라푼젤이 한수위지만 ,   캐릭터와  영상미 ,Let it go 부르는 환상적인 4분으로 정리해버리는"
20세기소년,4.5,"힛걸의, 힛걸에 의한, 힛걸을 위한 영화"
김성호 영화팬,4.0,"스푸너 :  &quot;넌 기계일 뿐이야. 인생을 흉내 내고 있는 거야. 로봇이 교향악을 작곡할 수 있나? 캔버스에 작품을 남길 수 있나?&quot;

써니 : &quot;그러는 당신은요, 할 수 있나요?&quot;"
suzwan,5.0,저런여자면 나도 티라노랑 싸운다
조승연,3.0,헐...이 영화..너무 과대평가 받는게 아닌가...
wonst,5.0,수없이 많이 봤지만 볼때마다 가슴이 저며오는..첫사랑만이 가지는 그 떨림과 열정을 그대로 느낄 수 있는 내 인생 최고의 영화..레이첼 맥아담스도 너무 사랑스럽다
양준석,2.0,"시종일관 강약없는 비장은 실소를 유발
 박영태님, 신윤수님과 함께."
이동진 평론가,3.5,구강 액션의 진경.
이동진 평론가,4.5,희망 없이도 행복할 수 있다는 것.
이남영,5.0,몰래 쳐다보는 그 눈빛
sg6243,4.0,고평가고 나발이고 엔딩 끝난후 여운은 역대급이다
성용,5.0,"무서운 장면 없이 무서운 영화는 
컨저링이 아니라 
&quot;나를 찾아줘&quot;다."
Rinhae Lee,5.0,미래의 누군가들에겐 지금이 황금시대라는걸..
이동진 평론가,4.5,지나온 적 없는 어제의 세계들에 대한 근원적 노스탤지어.
조한규,4.0,제목이 매드맥슨데 맥스가 제일 제정신
우영,5.0,4D로 봤다. 반복되는 장면에도 불구하고 같은 장면에서 분사되는 물은 피하지 못했다. 난 케이지처럼 학습효과가 없었다.
영화 그리고 해석 - 블로그,4.0,"헬기 안에서 주인공의 안전벨트가 삽입구로만 되어있어 맬수없는 장면은, 공룡이 암놈으로만 만들어져 생태계의 질서를 깨버렸다는 것에 대한 암시이다."
이동진 평론가,4.0,"약은 약사에게, &#x27;엑스맨&#x27;은 브라이언 싱어에게."
김성태,5.0,그거 아세요? 이 영화에는 배경음악이 단 일초도 쓰이지 않았다는것
고니,4.0,콜린 퍼스.. 왜 액션을 안 찍나 했더니 나같은 빠순이 감당 못할까 봐 배려한 거였구나
푸르나,5.0,"인터스텔라를 봤습니다 
인터스텔라 안본 뇌 삽니다"
정수빈,5.0,끝나도 바로 못 나갈걸?
박수재,5.0,&quot;난 이래서 음악이 좋아. 이런 일상의 따분한 순간에도 의미를 부여해주거든.&quot;
김재형,4.0,&quot;때로는 아무것도 아니라고 생각했던 사람이 아무도 생각할 수 없는 일을 해내거든요&quot;
이동진 평론가,4.0,대상(Her)이 주체(She)가 되는 순간에 찾아오는 어른의 사랑.
솔솔,2.0,이병헌의 진정성 있는 메소드 연기에 큰 감동을 느꼈습니다!!!!
아르헨티나,5.0,음악 자체가 연출의 반 이상. 2시간 가까이 한 곡만 나오는데도 지겨울 틈 없이 우울하다
Lynne ,5.0,뿩!! 마더 쀀!! 개똥파리같은 새끼
담다디담,4.0,내 미래인가
이동진 평론가,4.0,"장밋빛 꿈과 핏빛 현실, 안에서부터 무너지는 중산층의 꿈."
무현군,4.0,영화내내 에미넴의 화려한 래핑을 볼수있을줄 알았으나.. 후반부 클럽신은 압도적이며 머리에 박히는 명대사와 희대의 &#x27;존나조쿤&#x27;짤방도 탄생시킨 영화.
할리우드,4.0,개우주연상
주보라,3.5,"이런 로코. 생각없이 보기 좋다.
무엇보다 여름에 훌쩍 떠나고 싶을때, 여행을 따라가다보면 여행지를 보는것만으로도 좋다."
이동진 평론가,4.0,요절복통 진행되지만 결국 남는 건 가슴 속 검푸른 멍 하나.
SJ,3.0,"상대에게 던지는 충고들은 사실 
자신에게 던지는 충고가 아닐지
　
&#x27;사람되는건 어렵지만 괴물은 되지 말자&#x27;
　"
이동진 평론가,3.0,스포츠와 휴먼드라마의 찰떡 궁합.
왓차녀,5.0,솔직히 슬픈 장면은 없는데 울컥했다
박진우,4.0,"단순히 웃기기만 한 영화인 줄 보고 봤는데, 좀 일부러 감동을 유도하는 뻔한 부분이었지만 엄청 슬펐다. 그냥 웃음코드로 끝까지 가면 좋았을 듯, 그리고 좀 폭력적인부분은 싫었다."
이태경,4.0,"꽃보다 남자는 한국판도,대만판,중국판 다 싫다. 일본판이 최고야. 가끔은 이런 반짝거리는 유치함이 필요해.어째선지 일본영화는 &quot;유치함&quot;을 감안(인정)하고 보게된다는 아이러니 흠"
최민상,1.0,아오 그만하고 마블한테 판권 넘겨라
신승헌,3.0,마지막까지도 놓치지 않으려는 작품성과 스토리 그것을 결국은 지켜냈다.
Doyeon Kim,4.0,전형적인 미국식 B급 영화로 위장한 사회비판 영화. `화이트` 캐슬에 입성하려는 이방인들의 노력이 말도 안되게 눈물겨워서 웃음을 자아내는 아이러니. 단순한 B급 영화는 아니다.
바나나우유,3.5,전작의 명성 때문에 혹평은 피할 수 없는 상황인데 가장 중요한 케빈이 없으니 더더욱 어쩔 수 없지. 하지만 3편만 떼어놓고 본다면 이보다 못한 코미디 영화가 수두룩하다.
제프박,2.0,뭔가 이것저것 있기는 한데 그저 개성없이 흘러가기만 해서 보고 나면 뭘 본건지 기억이 나지 않음.
익명,4.0,순수한 사랑인줄 알았지만 낚여버리는 비구한 운명의 소년의 이야기
김예린,5.0,can&#x27;t take my eyes off you
신승헌,2.5,일반적인 스토리는 아니지만 영화를 보는 내내 일반적으로 느껴지는 감정들.
서동준,4.0,어릴때 사탄의인형보고 아빠한테 다음편빌리자고할때 오탄의인형빌리러가자고했다
sorom,3.5,둘이 너무 똑같이 생겼다..
쿠퍼쿠퍼,3.5,와......시발........
미키짱,3.5,알렌새끼 죽이고싶다.
손님,4.0,상당히 좋았는데.. 너무 저평가됐다
조희진,4.0,유지태와 이연희 만큼은 재밌다
천진영,4.0,"변해버린 인간, 변하고 있는 인간, 변하지 못한 인간. 결국 사회에는 변해버린 인간만 살아 남는다. 그래서 사회는 변하지 않는다."
jinnie gonzalez,1.0,긴장감과 현장감은 카메라 흔든다고 생기는 것이 아니다
이슬기,4.0,"차라리 목숨보다도 지켜내고 싶은것이 있을때, 그리고 그걸 스스로 지켜낼때, 우리는 존엄하다."
Laurent,3.5,크리스 파인의 영롱한 에메랄드 눈동자가 몇 번이나 눈에 밟혔다. 크리스 파인이 행운이 없었던 이유는 그 눈동자를 안경으로 가리고 다녀서 그랬던 것 아니었을까 하는 팬심어린 생각.
이동진 평론가,3.5,상처를 다뤄내는 한국영화의 새로운 감각.
김시선,4.0,B급 코드의 희망.
정지환,4.0,아직도 이 벨소리를 들으면 소름끼친다는 것만으로도 충분히 인상깊었던 작품
공장장,1.5,이 영화는 뭐.. &#x27;추억&#x27;이지.
오뱅이삼촌,2.0,지루함이 극에 달해 졸기 시작 할 무렵 뱅상카셀의 레이저 피하기에 빵터져 잠이 싹 달아나버렸다ㅋㅋ
김호진,0.5,"바다엔 7광구
산에는 차우"
안녕,0.5,슬프지만 동일한 내용이 두번 섹시하기는 힘들다.
김예슬,4.5,병맛과 신선함은 한 끗차이
G군,0.5,틀에 박힌 김수로의 연기.
조은호,4.0,"그냥 총싸움하는영화가아니엇다 
다이아를원하는여자에게보여주고싶다"
Min Jae Octavianus,3.0,조진웅씨의 포텐은 여기서도 터졌지
suzwan,5.0,최민식때문에 봣다가 류승범한테 얻어맞는 영화
이동진 평론가,4.5,타란티노 작품들은 멋진 영화와 끝내주는 영화로 나뉜다. 이번엔 후자.
샴푸요정,2.5,역기들다가 똥 지리는 장면은 아직도 생생함 젠장 이런거만 생생하네
오드헉 네이버블러그wooju91111,4.0,장국영과 왕조현의 목욕통에서 키스신은 지금 영화에서도 볼 수없는 명장면이다
목표는 영화 10000편 보기,3.5,"강렬했던 마지막 문구가 기억에 남는다. 그들이 외쳤던, 그리고 우리가 살아가고 있는 &#x27;무전유죄, 유전무죄&#x27;의 사회속에서 수년이 지난 오늘날까지도 &#x27;아직도 좌절의 시대는 끝나지 않았다&#x27;."
이동진 평론가,4.5,숲을 이루지 못한 꽃은 외롭고 숲을 이룬 꽃은 시든다.
이동진 평론가,4.5,내가 본 최고의 야구(소재)영화.
ksh,3.5,"빨리 빨리 움직여라 굼벵이들아,  영원히 살것도 아니잖나"
해바라기,2.5,"세련되지 않은 전형성. 배우들의 스타일리시함으로 커버하려 했으나 역부족, 오히려 배우들이 어설퍼보이기도 한다.
한번 듣기는 좋은 고속도로 뽕짝믹스테잎같다."
최성균,2.5,"오리지널 토탈리콜의 명장면들은 지금도 방송에서 계속해서 회자될 정도인데, 이 영화는 토탈리콜을 그저 그런 SF 영화로 만들어버렸다"
목표는 영화 10000편 보기,3.0,"사랑하는 사람을 위해 당신은 어디까지 갈 수 있는가.

네이버 웹툰 &lt;나는 너를 보았다&gt; 中에서"
Jong Hyun Chung,5.0,"일부 비평가들은 너무 영상미에 집중했다고 하지만, 나는 오히려 화려한 스크린의 모습과 개츠비의 비극적인 삶이 완벽히 대조되면서 그 비극성을 강조했다고 본다. 연기도 연출도 훌륭했다"
연정k,2.0,과소평가 당했다는 이유로 과대평가받는듯한 느낌적인 느낌
이종욱,3.0,"티렉스와 랩터를 적극 활용해 서스펜스를 강화시키긴 했지만, 후반으로 갈수록 연출력에 힘이 빠지는게 느껴진다."
임상혁,5.0,"누가 인내를 달라고 기도하면 신은 
그 사람에 게 인내심을 줄까요? 
아니면 인내를 발휘할 수 있는 
기회를 주시려 할까요?
이부분에서 많은생각을 하게된 영화였습니다!"
에치양,2.5,&#x27;복면달호&#x27; 라는 제목과 &#x27;트로트&#x27; 라는 소재만 듣고 그 자리에서 영화 스토리를 정확하게 읊은 친구가 생각난다 ㅋ 아주아주 정확했어...
쿠퍼쿠퍼,4.0,2까지는 명작이네
신신,5.0,"X의 개입으로 
답은 아름답게 완성된다."
럭키어,4.0,cant fight the moonlight 이 노래가 영원히 기억될 영화
뇨끼,4.0,부모를 찾아나선 고아들에게 다가온 이토록 섬뜩한 예감
한슬,4.0,감독도 쥐닮았땅
홍성호,3.0,이 시리즈가 장수할 수 있었던 것은 다람쥐덕분.
SkyWave,5.0,실제 이야기를 실제 부자가 연기했기에 더 가슴에 와닿지 않았을까. 아들을 가진 아버지라면 공감하지 않을 수 없는 가슴 절절한 실화의 힘. 윌 스미스의 눈부신 연기에 경의를 표함.
김성호 영화팬,3.0,"그들이 주유소를 습격하는데는 아무런 이유가 없었고 내가 이 영화를 본 것도 아무 이유가 없었으니 서로가 잘 된거지, 뭐."
진승환,3.0,소행성이 터지고 모두가 환호할때 난 웃지 못 했다 부르스 윌리스가 죽었기 때문에
Abby Ghana Lee,4.0,스산하고 음산하지만 가슴 찡한 이야기도 있는 팀버튼 스타일 웰메이드 애니메이션
스따벅스,5.0,이 이상의 코믹 쿵후 영화는 없는듯 봐도봐도 지겹지 않는 희한한 중독성 있는 영화
메아리,5.0,"한국 로맨틱 코미디 영화의 고질적인 단점인 억지웃음, 억지감동, 억지전개가 없어서 정말 좋은 부드러운 영화. 영상미가 아름답고 달달한 알찬 영화다"
김상민,5.0,스텝업의 진리는 1편이 아닐까?
왓차녀,4.0,너무 좋다. 특히 우디 고쳐주는 장면 아기자기해서 몇 번이나 돌려봤는지ㅋㅋㅋ
이석우,4.0,마스크 + 짐 캐리 = 미쳐 날뛰고 있습니다
김태홍,3.0,"아역인지, 악역인지."
김준형,5.0,부모님이 나에게 보여주셨던 것 처럼 나도 내 자식에게 보여주고 싶은 영화.
Sophia Q,4.0,내장의 평화 = Inner Peace
백종현,4.5,쥐새끼가 요리하는 게 이렇게 맛있어보일 줄은 몰랐어요
김광현,5.0,내가나온다
이준희,4.0,어벤져스의 각 영화들은 로봇마냥 각각맡고있는 부품마냥 파츠가있다.  예를들어토르는판타지  아이언맨은 sf라든지 그런면에서 캡틴아메리카는 좀더 정치적이고 철학적화두를던진다
HoSeok Lee,5.0,스필만은 영화 내내 도망친다.  그러나 독일 장교 앞의 피아노에 앉았을때 그는 쇼팽을 연주한다. 폴란드의 영웅시를 연주함으로써 그는 가장 고귀한 긍지를 보여준다.
서동녘,3.0,뭐 그냥 이정재가 섹시했다
대로리,1.5,로봇은 싸우고 관객은 방치된다
이태현,4.0,끼엥에 꾸에에엑 끼에에엥 에엥? 에에에 끼에~ 투쾅투쾅
Youkheon Lee,3.5,"서울을 종횡무진 돌아다니며 벌이는 활극은 참 즐겁다. 눈에 익은 풍경과 낯익은 거리를 멋진 배우들이 달리는 것도, 늘 지나던 길의 어느 이면에서 전혀 생경한 풍경을 마주하는 것도."
1주일에 영화 한편,4.5,"우리나라 영화중 이토록 서스펜서하고 사회비판적인 영화가 있을까?? 경찰청장으로 공권력이 어떠한지 보여주고 마지막은 장렬한 최후요. 결국 모든걸 잃은 우리의 모습이었다
★★★☆"
김보성,2.0,잘생긴 배우만 있으면 알맹이가 없어도 흥행할 수 있다.
조현아,3.0,배우들 연기가 아깝다. 중반까지 사운드 참 잘 썼다 싶었다가 결국엔 남용했단 결론을 내렸다. 살릴 부분을 못살려 절정에선 감독 의도와 달리 짜증이 난다.  
바나나우유,3.0,액션 보는 재미는 충분하다고 생각한다. 욜라뽕따이~~~~!!!!!
이동진 평론가,5.0,어떤 영화는 관람이 아니라 체험된다. 경이롭다.
ByoungKi Hong,4.0,"이 영화의 등장은 충신장을 떠오르게 한다. 다들 잊고 숨어 있어도, 마음속에는 품고 있을듯"
hubris,3.5,"도전하는 그 순간, 상상은 현실이 되고 꿈은 삶이 된다"
스따벅스,3.0,왜 한국 코메디는 잘 나가다가 꼭 막판가서 울고짜지 않으면 안되는지 왕짜증남. 그것만 분량줄였다면 나름 유쾌한 영화였음
배덕환,3.5,약의 부작용으로 주드로도 탈모가 진행중
김성호 영화팬,,이연희 연기를 돈내고 보라고?
심초딩,5.0,여러분은 남자 주인공이 점점 잘 생겨지는 기적을 만나게 될 겁니다.
이성환,4.0,지은 죄를 눈감아달라는 것이 아니다. 잘못한 것에 응당한 처벌을 받을 기회를 줘야했다. 하지만 나라는 그녀를 외면했다. 방치했다.
이동진 평론가,4.0,"만들고 싶은, 만들 수 밖에 없는, 만들어서 모두가 좋은."
백종진,4.5,"데자뷰 현상에 대해서 이런식으로도 해석이 되다니... 
재감상을 하면서 수많은 복선들을 찾는 재미까지 더해진다."
이동진 평론가,4.0,모든 장면에 다이너마이트가 장착되어 있다.
심동현,2.5,윤하 출연영화. 그 이상도 이하도 아니다.
Emily Blunt,3.0,대체왜 톰하디랑 크리스 파인이 리즈 위더스푼때문에 싸워야하나요
김홍기,5.0,주이 디샤넬 완전이쁘게나옴
LimH,3.0,하필 소개팅날 본 영화가.....
이동진 평론가,2.5,무엇을 위한 디테일인가.
Any Jeon,2.0,아빠의 자상함을 가진 꽃미남의 미소라니. 17살로 돌아간 중년은 너무 완벽한 이상형.
박다흰,5.0,"&quot;진짜 실패자는 지는게 싫어서 
도전 조차 안하는 사람이야&quot;
"
오뱅이삼촌,3.0,연기자들의 잘 못은 아니지만 차승원도 한석규도 너무 익숙한 케릭터에 예상되는 연기라 기대치가 없었다..
tpark,3.0,"&quot;류승범이 양아치 연기를 잘하는게 아니고, 그냥 양아치가 연기를 잘 하는 것&quot;"
Ha ma,4.0,우리는 영화시작과 동시에 &#x27;파블로&#x27; 가 되는 체험을 하게된다.
양성하,3.5,"&quot;너 자세히 보니까 예쁘다.&quot;
&quot;... 자세히 안 보면요?&quot;
&quot;사람은 자세히 안 보면 몰라.&quot;"
gan.,3.5,도대체가 무슨 맛인지 설명은 안 되는데 진짜 맛있어서 바닥까지 싹싹 긁어먹었다. 당황스럽기도 하지.
레오나르도,5.0,"&quot;이 영화가 전편보다 못하다는 사람들은 집중해서 안본사람들이다.
 수다가 타란티노의 장점이다.&quot;"
루나린,5.0,"현실 실현가능성 0%, 그러나 무언가 잘못됐음을 알려준다. 가볍지 않은 소재를 가볍게 만들어 가벼운 런닝타임인게 큰 장점. 솔직히 마지막 시원하잖아?"
MJ,4.0,자고로 액션은 작위적이든 위악적이든 먹던 삼겹살을 멈추게할만큼은 되어야한다.
Ko,5.0,영상이 너무 이뻤어서 또 보고싶은데 무서워서 또 볼 수가 없는 영화..
이동진 평론가,3.5,호소다 마모루의 여름 안에서 살고 싶다.
김종엽,5.0,식스센스볼사람은 먼저 보고보세요
박찬현,3.5,원래 남들 수다떠는거 들어보면 재밌잖아요
이수진,4.0,뇌성마비가 류승범이엇다는게 젤 충격...
멸치꼴깍,3.5,"칼날이 피부를 뚫고 나오는 변이가 아프냐고 묻는 로그에게 울버린이 답하길, &quot;매번&quot;. 이토록 고통스러워 가진것이 원망스러운 힘이라니, 나는 이 돌연변이들을 사랑하지 않을 수 없다."
한예찬,4.0,1편에서 끝났어야했다
황민주,1.0,마지막 1분에 모든 걸 다 걸었다고 하기엔 흘러간 지루한 러닝타임 어떻게 책임지실 건가요..
박지운,4.0,스포한 놈 없애버릴거야.
김도훈 평론가,2.5,&#x27;어차피 스필버그처럼 못하니까 무던하게 만들어! 티라노보다 더 무서운 공룡 하나 넣고! 익룡도 넣고!&#x27;의 결과물.
미순,2.0,저스틴비버 좋아하는 애들이 이 영화도 좋아하지 싶다
영화보는 변준수,4.0,"인간미 넘치는 컴퓨터와 인간미 넘치는 클론들.
가장 인간스럽지 않게 묘사되는건 인간.
차가운 배경에 따뜻한 속내를 잘 대비시켜  드러내는 영화."
이동진 평론가,3.5,거칠고 강렬한 동물적 에너지.
Chankyu Kim,4.0,"한국어 제목이 엉망이다. Love and Other Drugs 라는 제목에는, love가 가장 큰 drug이라는 영화의 의미가 담겨있다."
이동진 평론가,3.5,이 영화는 믿으세요.
박재혁,3.0,어릴때 봐서 그런지 재밌었던 기억만 남아있다.
곽민지,3.0,"남자주인공3대등장씬에 빛나는
우산으로뛰어드는장면"
Abby Ghana Lee,5.0,영화를 보고 집으로 와 나도 모르게 벽장문을 한번 열어본다 설리의 뒷 모습이 너무 슬프다 픽사는 어른을 울리는 애니메이션을 너무 자주 만든다
익명,4.0,전혀 자극적이지 않지만 건강에 좋은 유기농 음식을 먹는 느낌이다.
할리우드,5.0,"소설은 소설로 만족할것?
그러면 영화는 영화로만족하고
당신은 소설만 읽으면 되겠군"
엄지영,4.5,"Pop, Six, Squish, Uh-uh, Cicero, Lipschitz!"
제이림,3.0,속편 왜안나오지
전홍주,4.0,처음엔 유쾌한가족영화인줄 알았는데 요근래본 영화중 가장 감동적이었다. 소재도 참신하고 배우의 연기도 일품이었다.
최플린,5.0,"소림축구는 사랑입니다. 인생영화 뭐 따로 있나요, 주성치 낡은 운동화처럼 닳고 닳을때까지 애정하며 오랜 세월 함께 한 영화가 있다면 그게 진정 인생영화죠."
초이,4.0,"어려운 주식용어를 쉽게 풀어내다~재미와 함께
배우들의 합이 잘 맞았던 영화^^"
유경민,5.0,"청춘영화는 언제나, 어른들의 욕망이 투영된 가상의 놀이터"
김미은,3.0,서양판 이승탈출 넘버원
세희,5.0,역대 최고의 좀비영화!
신한나,3.5,"영화 자체도 달달하니 좋은데 주드로는 진짜 ..
미치도록 잘생기고 섹시하다 와우...."
영지니어스,3.0,OST가 갑이지
다형님,4.0,원석인 만큼 다듬어지지 못한 것이 느껴진다. 다만 무간도는 &#x27;영화&#x27;로 시작하여 &#x27;장르&#x27;가 되었다. 이 사실만으로도 볼 이유가 충분하다.
jhP,5.0,쏘우는 1편에서 끝났어야했다
무비러버,4.5,아내와 딸을 잃은 가장을 응원하고 싶었기에 결말이 맘에 안듦
이동진 평론가,4.0,"타인은 지옥, 그 지옥의 가장 뜨거운 불은 생존본능."
김정우,3.5,현실에서 박해일처럼 들이데면 싸다구맞는다
김진,4.0,나중엔 진짜 이쁜 여자란 착각까지 든다...ㅋㅋㅋㅋㅋㅋㅋ
최종현,2.0,"와 이런상상은 누가하나
             하 이런구성은 누가했냐"
송홍근,3.5,차라리 귀신의 존재가 드러나지 않았다면... 하는 아쉬움이 진하게 남는 영화. 심리묘사나 열린 결말 등은 좋았는데 뭔가 아쉬움이 남는 찜찜함.
이동진 평론가,4.0,낯 간지럽지 않게 순정을 말할 줄 아는 로맨틱코미디.
이동진 평론가,4.0,쉽다. 깊다. 좋다. 마음을 가져간다.
Hyein Hong,4.0,다 된 영화에 에릭뿌리기
Abby Ghana Lee,5.0,사랑스러운 가족 드라마! 최고다! 2편은 대체 언제 나오나...
이동진 평론가,3.0,뛰어난 배우 한 명이 한 작품에서 차지할 수 있는 비중의 극대치.
Su Yeon  Hong,5.0,누가 1편만한 2편이없다고했지? 이건 대박이야! 난방고장나서 추운 상영관에서 덜덜떨면서봤는데도 긴러닝타임내내 개쩔었음!
무비라이프,0.5,별 반개 생겼다
원세용,1.5,극장에서 존 트라볼타한테 싸대기맞은기분.
해바라기,2.0,"이도 아닌 것이, 저도 아닌 것이."
손영우,3.5,"솔직히 딴건 모르겠고, 영화 내내 나오는 노래가 너무나 좋을 뿐..."
이동진 평론가,4.5,"기타노 다케시, 최고의 엔터테이너."
Moe Cha,2.5,"성룡은꼭
외국인호구하나를
데리고다닌다"
영화보는 변준수,1.5,A급 배우가지고 뭐한거야.
filmwright,4.0,하룻밤 속성으로 사력을 다해 알려주는 킬러의 인생교습. 악당을 해도 멋있는 톰 크루즈.
검은각반,4.0,"스즈란 양아치들은 수업도 안듣고, 선생님도 패고 하면서 
교복입고 학교는 안빠지고 잘 간다."
신현영,2.5,성룡 이런거 이제 그만~
오뱅이삼촌,1.0,"쌍권총, 비둘기, 슬로우모션까지 헐리우드판 영웅본색인가요? 전편의 긴장감과 속도감은 어디다 팔아먹고 젠장..."
조규식,4.0,정교한 기술의 차원을 넘어 예술의 영역을 기웃거리는 중국무술과 얼빠지고 유치한 코메디와의 일견 불안하고 어색한 조합. 헌데 이 조합에서 놀라운 시너지가 성공적으로 뿜어져나온다.
박하림,3.0,망진자는 호야니라
Ha ma,3.0,"&lt;트랜스포터 - 엑스트림&gt; 이후로 제이슨 스타뎀, 스타됨"
Sanghyun Lim,5.0,난 이 영화가 왜이리 좋지?
신승헌,3.0,홍금보를 데리고 와도 비슷한 스토리를 액션으로 벗어나지 못한 점이 아쉬운 영화
신승헌,3.5,"뛰어난 액션 
한 방향으로 영화가 뛰어나면 다른 방향이 취약해도 영화적 재미는 괜찮을 수 있다."
김형주,4.0,크로우즈같은 학원물은 만화책으로나 봐야지 배우가 연기하면 오그라들어서 어떻게 봄? 만화의 초현실적 위트와 간지를 표현해낼 수 있을리가 없지! 했는데.. 그것이 실제로 일어났습니다.
라브레,1.0,월드스타라고 우기는 비의 망작
hallload,3.0,여주인공 피부가 영화보는데 방해되는 건 난생처음이다
지예,3.5,"제목부터 주인공과 11명들이라, 배우인식장애를 가진 나로선 출연진을 예습함. 근데 막상 차근차근 열맞춰 등장해서 어렵지 않았음. 중요한 놈은 자주 나오고 역할은 요점만 딱딱 짚고! 정리 잘 된 족보 같았음. 그치만 공부는 싫음. 두번 싫음."
hilts,2.5,본? 이거시??
SJ,4.0,"(지금까지) 스타뎀의 최고작은 아드레날린24. 물 만난 물고기 마냥 매 순간을 휘젓고 다닌다.
　"
한승택,3.0,"최배달... 어려운 시기, 그의 도전 정신은 높이 사줄만 하다

그러나 그걸 영화로 만든 양윤호 감독의 도전 정신은 도저히 납득이 안된다"
Seonghwan Steve Noh,5.0,막장인거 같은데 재밌게 보긴 했죠
이동진 평론가,4.5,취향 자체가 최고의 무기가 된 사례.
김재표,4.0,"&quot;아내를 무서워하는 남자는 없다. 아내를 존중하는 남자만이 있을 뿐이다.&quot;
&quot;자신이 가야할 길은 자신이 정하는 것이다&quot;
 -엽문-"
정현,5.0,마틴과 베니가 다투는 영화군.
LP,2.0,해가 중천에서 뜨겠다.
Ki-doo Kyung,3.0,"나는 불이다
나는 죽음이다
1년 전 그렇게 너는 말했다
1년 전 그렇게 나는 너가 무서웠다
이리도 널 기다렸는데
이렇게 널 빨리 보낼 줄 몰랐다
서운하다
스마우그
너란 용"
정영훈,1.0,한중일 합작 런닝맨.
MOONY,1.0,한동안 잊고살았다가 왓차 앱 깔고나서야 기억났다. 그만큼 잊어버려도 별 가치없는 영화
안준서,4.0,"시간이 지나면 잊혀진다는 말.

아니, 그리움과 슬픔에 익숙해질 뿐이지

시간이 갈수록 그리움은 커져간단다..

-평범한 8반 (월요웹툰 /영파카)"
무비라이프,1.5,웰메이드 원작을 함부로 손대면 이렇게 된다. 유일하게 볼만했던 건 선녀같은 유역비
경지원,5.0,"내가 생각하는 해리포터 시리즈 최고 작품.주인공들이 어린아이티를 벗은 시리즈이기도 하고, 시간을 왔다갔다하는데 모든게 딱딱 맞아떨어지는 게 세심하게 스토리를 만들었다는게 느껴진다."
이동진 평론가,3.0,&#x27;조니뎁스럽다&#x27;는 형용사도 가능할 듯!
신현영,5.0,샘 레이미의 스파이더맨 트릴로지의 첫편 큰 힘에는 큰 책임이 따른다는 명대사와 함께 몸소 블록버스터에는 큰 재미가 따른다는것을 보여줬다.
이동진 평론가,2.5,"그러니까, 항상 3-D로 볼 필요는 없어요."
임지혜,5.0,"다크나이트가 조커였고 다크나이트라이즈가 베인이였다면 배트맨비긴즈는 진짜 배트맨이야기.
그래서인지 다른 배트맨시리즈와는 다른맛이 있음."
이동진 평론가,2.5,울버린에 대해 이미 알고 있는 것과 굳이 알 필요 없는 것.
영화보는설,4.5,왜인지 그냥 이유없이 좋아하는 영화
이동진 평론가,2.5,잘 나가던 영화를 어쭙잖은 신화가 잡아먹었다.
이동진 평론가,4.5,"팀 버튼적인, 너무나도 팀 버튼적인."
강성현,2.0,흑백영화인줄
이동진 평론가,3.5,판타지 왕국의 수도는 팀 버튼.
임지혜,2.0,참신한 소재로 참신하게 망함. 남은건 간간히 돌아다니는 장근석의 통장고백 짤밖에..
김성호 영화팬,1.0,겉멋만 잔뜩 든 여자감독의 유아적 상상. &#x27;재능없음&#x27;이 무슨 뜻인지 알고 싶다면 추천한다.
Jeonghee Lee,1.0,차라리 이연희가 벙어리로 나왔다면
전지훈,1.0,내 생애 본 영화 중 가장 최악임.. 이거 쓰려고 가입함
이지혜,4.0,80년대 끝자락에 태어나 90년대의 감성을 누릴수 있는 건 축복이다. 영화로서의 어떤 모자람보다도 90년대에서 2000년까지의 그 감성을 고스란히 담아둔 것 자체로 너무 예쁘다.
해바라기,3.0,"기억난다. 90년대 순정만화는 이런 느낌이었다. 옛날에 사촌누나집에 놀러가면 책장 가득 채운 잡지마다 빼곡히 실려있었다.
한때 소녀였던 작가가 당시 소녀들을 위해 만든 이야기."
잇지,5.0,"Hello, stranger? 
다 안다고 생각하는 그녀를, 실은 가장 기본적인 것도 몰랐던 댄. stranger가 closer가 되기까지, 그리고 다시 stranger로."
KCH,0.5,정말재미없었던건 나뿐인가
권오연,5.0,대한민국 남자배우 아이콘이 90년대가 한석규 2000년대가 송강호라면 2010년대는 단연코 황정민이다
이원찬,5.0,단연코 최고의 일본 멜로 중 한작품
송홍근,3.5,"나비효과와 메멘토를 섞어놓은듯한 영화. 모든면에서 특히 내세울것도 흠잡을것도 없이 무난하지만 단, 영화가 굉장히 불친절해서 집중하지 않으면 내용 따라가기도 힘들다."
김재표,4.0,"브로디는 어떻게 영화마다 불쌍한 연기를 하는지,.. 불쌍한 코쟁이 아저씨"
이원찬,1.0,아...진짜....이런 영화 만들꺼야?
김민경,3.0,만화가가 잘못이다 애초에 라이토를 그렇게 잘생기게 그리지나 말던가 엉엉
바나나우유,4.5,개인적으로 굉장히 재밌게본 하이틴 스릴러 무비. 몰래 엿보는 스릴감도 좋았고 소소한 깨알웃음 짓게 만드는 장면도 많았음. 생기발랄한 배우들 보는 재미까지 굳~.
잇지,3.0,"성욕, 식욕, 배설욕."
송정길,5.0,&#x27;Open your eyes.&#x27; 그의 무의식은 끊임없이 그에게 외치고 있었다. 눈을 뜨라고. 진짜 인생을 살아가라고.
박효근,3.5,오죽하면 식스센스 이후 최고의 반전이라는 말이 생겼을까
Woolim Kim,5.0,나우유씨미가 재미없는 이유
오뱅이삼촌,3.0,페이스오프보다 더 말도 안되는 설정과 연출....
김정민,2.0,류크를 3D로 만들어 낸 것은 최고였지만.. 만화책 반도 못 따라간 영화.
Min-Seop Lee,4.0,스릴러는 쫒아오는거 보다 움직이지 못할때 더 스릴있구나를 보여준 영화
박진우,5.0,인간에 대해서 많은 것을 생각하게 해준다. 합리성이란 어쩌면 불합리한 것들이 모여서 만들어진 것은 아닐까
권용준,4.0,정말 신선하고 재밌는데 왜 5점주기 뭐할까
권용현,2.0,"난데없이 주인공은 막장급으로 각성하고, 반대편은 은칼로 죽인답시고 시간질질끌다 도망갈기회만 주고, 마지막에 등장한 엄만 언재봤다고 모성애랍시고 도망가게한다. 너무나도 엉성한 구성."
이석우,5.0,12몽키즈 원숭이 나오는 영화인줄 알고 안보고 있었는데 최근에 보고 내가 원숭이 됨
Movey,5.0,"연출의 디테일이 살아있다.
쉽게 공감하지 못할 
소재 임에도 불구하고
외계인을 인간에 빗 대어
사회적 문제점들을 콕 콕 찝어낸다.
처음엔 징그러웠던 게
나중엔 귀엽기까지 하다."
이동진 평론가,3.0,아찔한 현장감. 그래도 한번 더 볼 것 같진 않다.
이동진 평론가,2.0,예고편을 잘 만들었다.
정진우,4.0,&quot;데이트 약속이 있었는데.&quot;
박하늘,0.5,하나같이 억지 눈물 억지 감동 짜내는 후진적 상업 영화만 만드는 감독의 대단한 뚝심
봄희,1.0,솔직히 이걸 돈내고 봤다는게 자존심상함
SkyWave,1.5,이경규가 안타까워지는 영화
튜튜,3.0,참신한 소재에 시간여행의 온갖 클리셰를 때려넣은뒤 브루스윌리스의 대사처럼 &#x27;설명하기엔 너무 복잡하다&#x27;며 모든걸 넘어가는 영화
최우석,2.5,조니뎁도 클로이모레츠도 살릴수없는 팀버튼작품중 최악작품
클린트옹,4.5,마지막 키스신에서 영화가 끝났더라면....
JungHoon Im,4.0,신정원 감독은 우리나라에서 유일하게 b급 정서를 이해하고 풀어내는 감독이다 이 영화가 주고 싶은 건 개연성이 아니라 느낌이다
Recorder,,누군가는 그만하자고 외쳐줘라 제발
이동진 평론가,2.0,아마도 올해 가장 짜증나는 한국영화 주인공 캐릭터일 듯.
조재령,1.0,주제를 날대사로 떠먹여주는데 닭살이 돋았다. 고민의 깊이가 너무 얕아서 보는 내내 불편했다.
오뱅이삼촌,3.0,어벤져스 때문에 급히 만든감도 있고 유치한면도 있지만 만화를 이정도 영화화 한것만으로도 별 세개는 줄 수 있을듯? 그리고 로키라는 매력적인 케릭터도 수확이라면 수확일듯
김민범,2.0,넌 내 남자친구의 뇌를 먹었지만 로맨틱하니까 사랑해
이지원,3.0,딴 건 모르겠는데....박시연 몸매는 최고였다...근데 딱 거기까지가 전부인 영화다
YumSunWoo,1.0,주변에 재밌게 본 사람이 있다면 주저없이 간첩신고는 111
Hojin Kim,3.0,"너희 젊음이 너희 노력으로 얻은 상이 아니듯, 내 늙음도 내 잘못으로 받은 벌이 아니다."
이동진 평론가,2.0,여기까지 시리즈를 다 봤는데도 최종편이 안 궁금하다니.
최재환,4.0,재주는 49번이 부리고 돈은 52번이 벌었다
이동진 평론가,4.0,결국 사랑은 시간을 선물하는 일.
이동진 평론가,5.0,음악이 이야기를 만나는 가장 아름다운 방식.
흠좀무,5.0,"&quot;뭘 안다고 그래요?
  잘 알지도 못하면서,
  딱 아는 만큼만 안다고 해요.&quot;"
워노워노,4.0,주인공이 친구를 닮아서 더욱 몰입이 되었다.
이동진 평론가,4.5,클린트 이스트우드가 미리 써둔 유서를 보았다.
김기수,4.0,그리하여 소년은 오십년간 소녀의 피셔틀이 되었어요.....
Jason Choi,5.0,클린트 이스트우드 영화는 어떤 소재든 호들갑 떨지 않아서 좋다
제시,4.0,"살아도 사는게 아닌 벼랑끝에 선 쥐새끼들의 생지옥.
우아하고 깔끔한 만족스러운 리메이크"
이동진 평론가,4.5,하도 긴장하면서 봤더니 몸이 다 아프네.
발렌타인,4.0,밑에분 단체댄스 왜 넣냐고 하시는데 할리웃자본으로 만든거지만 인도영화는 마지막에 단체댄스 무조건 나와요 괜히 생뚱맞게 넣은게아님 전통임
뉴현,4.0,처음으로 김래원이 괜찮은 배우라고 생각했다.
김기윤,3.0,우리나라 평이 왜이렇게 좋은지는 모르겠으나 완성도가 떨어진다고 생각한다. 사건 마무리 안하고 끝나는 느낌. 솔직히 약먹고 머리가 좋아진다는 소재도 별로 참신하지 않다.
진승환,3.5,"난 개인적으로 토르같이 전형적 영웅보단 로키같은 스타일이 더 좋다 솔직히 다들 로키 죽은거 안 믿었잖아?
 Sehan Oh님과 함께."
이종욱,4.0,영상과 음악의 조합이 각별하다. 또한 배우들의 개성도 제대로 파악하고 있는 영리한 작품!
이동진 평론가,4.0,Coooooooool !
영화 그리고 해석 - 블로그,4.5,"오프닝 장면.
흑백화면의 심문장면과 세트의 해체는  이 영화가 전통첩보물에서의 탈피함을 의미한다."
해바라기,2.5,천재들의 이야기라길래 영화도 천재적일거라 생각한 것은 나의 오산.
이매력,3.5,"&quot;처음부터 너만 없었으면 돼.&quot; 라는 말에 버텨오던 것들이 미세하게, 곧이어 와르르 무너져버린 때의 기태 표정이 생각난다."
마틴문,4.0,영화 사상 가장 우아한 FUCK YOU
Ji Seung Hwang,5.0,"시대를 앞서버린, 비운의 걸작."
Koon Kang,4.0,각본은 진짜 엉망진창인데 재미있는걸 어떡하라고
박하늘,5.0,"가장 금기시되는 본능인 근친상간,
가장 파괴적인 욕망인 복수.
보편성과 예술성의 두 기둥 위에 서서
인간 존재의 가장 원초적인 심연을 꿰뚫어보는 박찬욱 감독의 감각적 시선."
Arcturus,3.0,이 영화를 가장 어리석게 관람하는 방법은 어떻게 결혼을 두번 하냐며 화를 바득바득 내면서 관람하는 것이다.
PaPa is,4.0,"잔머리를 정직의 우직함이 
이기는 세상에서 살고싶다."
이동진 평론가,2.5,액션영웅 홈즈가 세계정복하려는 악당과 싸운다고라고라?
이동진 평론가,3.0,뛰어난 배우 한 명이 영화를 살렸다.
신현영,3.5,설경구는 정말 대체 불가능한 배우임은 틀림없다
정주헌,4.0,이때까지만 해도 해리포터를 두근대며 보았다.
이동진 평론가,3.5,할리우드에서도 철저히 오우삼적이어서 성공한 오우삼.
염간지,4.5,사람의 상상력은 우주보다 크다
남유진,5.0,정말 술먹고 연기한듯
최윤경,4.0,순수하고 섬세해서 보는 내내 집중할 수 밖에 없었다. 수화가 이렇게 아름다운건줄 처음 알았다.
김기훈,4.0,당신이 들어왔을 때부터 말은 필요없었어요
이유영,5.0,내 생에 이렇게 결말 연출이 좋았던 영화는 이게 처음인것같다. 마지막에 헤드셋을 집어던지고 환호성을 질렀는데 언제 또 이런 쾌감을 느낄까.. 이런기분을 느낄 기회가 다시 오긴할까?
이동진 평론가,5.0,지금 사랑 영화가 내게 줄 수 있는 모든 것.
설해,5.0,중국말이 이렇게 부드럽게 들리는 영화는 처음이었다. 전반적으로 깔리는 ost와 이미 유명한 피아노배틀같은 볼거리 그리고 풋풋하고 애틋한 멜로.
신슬기,5.0,"누구나 청소년기는 바람과 같다는걸 보여주는 영화입니다.
지나고나면 그때 왜그랬는지.
왜 그당시엔 그게 최고였는지.
이 영화는 나의 학창시절을 떠올리게하는
영화입니다."
emmy,4.0,비주얼만으로도 마스터피스
이동진 평론가,2.5,넓이를 깊이로 착각한 결과물.
Abby Ghana Lee,5.0,백명의 사람이 있다면 백가지의 사랑이 있는 법
윤지선,5.0,추억은 물건이 아닌 마음에 깃드는 것.
읫짱,5.0,애엄마 멘탈두께보고 식겁하는 만화
JJ,4.0,구구절절한 백 마디 말보다 가슴 절절한 두 글자 그대 이름
송홍근,5.0,전작이 &#x27;점&#x27;이었다면 리로디드는 &#x27;선&#x27;이다. 매트릭스의 세계관이 곧 드러난다.
김성호 영화팬,4.0,괜히 매년 크리스마스 때마다 틀어주는 게 아니다.
YIK,5.0,화려한 액션과 소름보다는 프랭크의 발칙한 상상력으로 영화는 승부한다. 신선한 충격. 두 주연의 조화가 대박이었다. 실화를 바탕으로 살을 붙여 잘 만들어진 영화이다.
이유진,5.0,사람은 보고싶은 것만 보고 듣고싶은 것만 듣고 믿고 싶은 것만 믿고 기억하고 싶은 것만 기억한다
채이도,3.0,시인이 갔을 필요는 없다. 시인이 왔어야 했다는 말도 충분히 근사하기 때문에.
윤지욱,5.0,"&#x27;버지니아 호&#x27;을 타고 &#x27;1900&#x27;과 여행을 갔다온 기분이다
 나인틴 헌드레드님과 함께."
적바림,4.0,"누가 만든 영화인지 모르고 보다가 
&quot;와, 감독 누구야.&quot; 라며 이름을 봤는데."
지혜,5.0,양조위가 모자 벗으면서 다가올때 깔리는 bgm과 표정연기는..........애국가 틀어주듯 티비에서 틀어줘야 된다고 생각한다
김민경,4.0,"일본애니는 유독 여름과 청춘이라는 소재를 좋아하고, 잘 표현한다.
미래에서 기다릴게 라는 대사는 정말 명대사
영화가 끝나고도 남는 여운과 안타까운 기분이 좋았다"
이동진 평론가,4.5,"흥미로운 각본, 우아한 연출, 좋은 연기를 모두 갖춘 음악영화의 품격."
서현,5.0,미야자키 하야오 작품 중 단연 원탑
영화보는 변준수,4.5,"다섯 개의 손가락 그리고 하나의 손바닥
포스터."
김성호 영화팬,4.5,"비즐러가 타인의 삶에 동화된 것이 아니라는 것을, 자신의 삶에 새로이 눈뜬 것이라는 걸, 영화는 그의 마지막 대사를 통해 선명히 드러낸다. 이보다 훌륭한 대사와 엔딩은 흔치 않다."
김동하,4.0,이건 나는게 아니라 멋있게 추락하는거야
가비,5.0,업햄의 행동에 욕이 절로 나온다. 마치 나일 것만 같아서.
정준구,5.0,이 영화를 영화관에서 안본걸 평생후회할꺼 같다
최플린,5.0,너 때문에 마블의 노예가 됐다
조아라,5.0,"의학, 법률, 경제, 기술따위는 삶의 도구가 되지만 시와 아름다움, 낭만과 사랑은 인생의 목적인거야"
이동진 평론가,4.5,현대문명의 허상을 조롱하는 통렬한 블랙코미디.
제시,5.0,폭력과 살육의 쾌감에 젖어 민주주의란 말이 무색할정도로 수동적이고 인간성을상실한 대중들.그들을 일깨운것은 가장폭력적이고강인하지만 동시에 감상적이며 인간적인 막시무스의 피의 절규였다
김미은,4.0,본 시리즈는 사랑입니다 본죽 본비빔밥까지도
Sang-Woo Lee,5.0,뻔해서 싫다고? 진리는 원래 평범한 법. 뻔한 내용을 지루하지 않게 표현하는 것도 능력이다.
박건우,5.0,이 영화를 본후 여운의 기한을 정하라면 만년으로 정하겟소
푸르나,5.0,포레스트는 내 마음속  가장자리 어딘가에서 뛰고있다 묵묵히
박동욱,5.0,"나따위가 감히 감상평을 남길 수 없는 영화.
"
Min-Seop Lee,5.0,과장하면 이 영화는 &#x27;매트릭스&#x27;라는 또 하나의 장르를 만들었다
이석준,5.0,"이런 시각효과 너무 좋다. 몽환적인 분위기도 좋고, 생각할 여지가 있는 이상한 나라의 앨리스도 좋고."
박현영,4.0,어설픈 A급보다 잘 만들어진 B급이 낫다.
채이도,2.0,허무하다. 다코다 패닝 좀 조용히 했으면 좋겠다.
박준재,5.0,호이가 계속되면 그게 둘리인줄 알아요
제시,4.5,프로도 goodbye 이제 나의 머릿 속 호빗은 무조건 빌보 배긴스. 셜록에서도 못 찾은 마틴프리먼의 매력을 빌보에서 찾다. 진지하게 피터잭슨은 가둬놓고 평생 영화만 찍게 해야할듯
우요셉,5.0,"마지막 모든비밀이풀리는 3편 그비밀이 궁금해
여기까지온것이다 그만큼끌리는 스토리와 전개는
감탄사가 나온다 마지막까지 초심을잃지않고
재미와 감동을 선사해준다 마무리가 아주좋았다."
멸치꼴깍,3.0,"성장담은 이렇게, 극적이기보단 담백할 필요가 있다."
이동진 평론가,2.5,두번째 타석에서 헛스윙 크게.
송홍근,2.0,한창 곱등이와 연가시가 유명세를탈때 편승한 영화. 재난영화로보기에도 괴수영화로 보기에도 애매하다. 어설프게밀고가는 스토리와 작위적 설정 연출은 상당히 수준미달이다.
이동진 평론가,4.0,바닥까지 웃었다.
여리,0.5,인종 차별적 발상에 분노하면서 각종 사이트에 성심성의껏 최고의 악평을 올렸다.
보얌,3.5,광주의 희생을 잊지않겠습니다.
얌마,5.0,병헌컨대
이길,4.0,"재난 영화중 가장 현실성 있는 스토리가 아닐까..
인간의 지식을 대표하는 책을 불태워 추위를 견디는 장면이 인상깊었다."
미겔,3.5,"비열한 그들만의 세계를 것멋만 다루지 않고 마주하고 싶지 않은 이야기와 나름의 삶을 꿈꾸는 모습과 좌절을 엿볼수 있어서 좋았다

조덕배의 노래와, 땡벌도 뇌리에 오래 남아있다"
미녀기자,5.0,&quot;나 어렸을때 지금 이나이쯤 되면 되게 특별한 여자가 돼있을줄 알았다? 근데 안타깝게도 난 안정감이 제일 중요한 평범한 여자였어&quot;
키즈 리턴,4.0,잘 만든 스릴러인데 심하게 저평가 되어있는.
ChangWan  Hong,1.0,"야구 신종어에 귀병이 있죠. 귀신같은 병살
영화에도 귀병이 있습니다. 귀신으로 끝나는 병신같은 영화."
적바림,3.0,"센스 있다, 손재곤! 색깔 있다, 박용우!"
김광규,2.5,분명히 재미있게 봤는데 남는게 없다
김형진,3.0,전작에서 들던 &quot;딸 하나 살리려고 저렇게 많이 죽여도 되는거야?&quot;에 대한 해답편. 해답은 &quot;죽은 사람 걱정할 사람까지 몰살시키면 됨.&quot; 어후 연좌제 액션
지예,3.0,"새가 물고기를 알지 못하는 것은 부끄러움이 아니랬는데
그는 물고기에 가까웠던 모양이다.
맞지 않는 옷을 입은 듯 늘 의기소침하던 그는 오히려 낙인이 찍힌 후 자유롭다."
송재한,2.5,어쩔 수 없이 &#x27;타이타닉&#x27;을 거론해야 될 수 밖에.
최문경,4.0,왜 이게 야하기만 한 영화로 알려졌는지 모르겠다
꽃고래,3.0,마동석이 살렸다.
이동진 평론가,4.0,우리는 어떻게 &#x27;엑스맨&#x27; 시리즈를 다시 사랑하게 되었나.
임진남,2.0,감동이 참기름도아니고 쥐어 짠다고 짜지나
펩시,5.0,"지루하다고, 질질 끈다고 느끼는 님들아. 그게 바로 감독이 의도한 &quot;전쟁의 정의&quot;입니다."
멸치꼴깍,5.0,"우리(cage) 안에 가둬키운 자식의 이면을 볼 때, 사랑해서 감싸는것이 아니라 두려워서 눈 감아버리는것."
주보라,3.5,"여리가 친구들이랑 전화하면서 우는 장면, 그리고 마조구가 여리에게 고백하는 마지막 공항씬.
이 영화가 괜찮다, 좋다 라고 느낀 이유."
이동진 평론가,2.0,인공 눈물.
구루미,5.0,마구 웃어보려 본 영화인데 눈물콧물 쏙빠지게 만드는 영화- 몇번을 봐도 같은데서 눈물샘이 터지네요ㅋ
최현빈,2.0,이 편부터 해리포터를 으리로 봤지
박조은,5.0,나의 10대를 너와 함께 보낼 수 있게 해줘서 고마워.
김용균,4.0,처음 간 교직원여행 돌아오는 버스 안에서 기사님이 과감하게 선택한 영화. 선생님의 절반은 주무시는 척 할 수 밖에 없었다.
오뱅이삼촌,2.5,예나 지금이나 우리나라 군사무기 개발에 대한 주변국의 훼방은 여전하구만...
바나나우유,0.5,스포츠 영화는 어설프면 몰입 자체가 잘 안된다. 더더욱 이 장면을 생중계로 봤던 사람이라면 말이다. 높게준다면 그 때 감정 때문이지 이 영화를 잘만들어서 주는 점수가 아니다.
이경훈,3.0,좀 뻔한 내용의 전형적인 한국식 코미디이긴 했지만 황정민의 극중 연설 부분은 꽤나 마음에 와닿았다. 
이태현,5.0,어쩌면 히어로물 중에서 가장 영웅적 고뇌를 잘 담아낸 작품. 난 어메이징과 같이 극한상황에 유머러스한 스파이더 맨 보다는 이렇게 소시민적이고 약한 스파이더맨에게 더 정이 간다.
류동훈,4.0,초딩때 재밌게본거
Abby Ghana Lee,5.0,한국형 액션 스릴러의 개척 어디에 내놔도 부끄럽지 않은 우리 영화
이동진 평론가,3.0,여름 블록버스터로 이의없음!
박형곤,4.5,"왕의귀환이 너무 강렬해서 묻힌경향이있는데, 당신이 진정 반지매니아라면 두개의탑을 최고로 칠거라생각한다"
류재욱,4.5,"침몰해갈 때 책 읽어주는 엄마, 연주하는 악단, 껴안고 자는 노부부"
이동진 평론가,1.5,극중 머리 때리기 114차례. (&#x27;연타&#x27;가 워낙 많아 틀릴 수 있음.)
이동진 평론가,4.5,완벽한 공산품.
이동진 평론가,3.0,남성 투 톱 영화에서 앙상블 좋은 두 배우를 보는 재미.
20세기소년,1.5,재난 영화인가 영화가 재난인가
Sun-yun Kwon,5.0,이제 소리 끄고도 볼 수 있음
최진환,5.0,인생에 볼까말까한 명작
웡니,5.0,아직 못 본 사람 부럽다. 소름 돋을 수 있어서...처음 봤을 때 그 전율을 다시 한번 느끼고싶다.
Amable,5.0,강동원과 강동원 그리고 강동원.
류재욱,1.5,아포칼립토에게 사과해야되는 영화
이동진 평론가,2.5,뭔가 계속 재미 있는 것을 보고 있는 것 같은 착각.
제시,4.0,제레미레너의 타이트한 수트핏만큼 튼실하고 톰의 늘어난 주름만큼 노련하다
이동진 평론가,2.0,지상 최대의 철거 영화.
전겨레,1.0,선수들이 더 어설퍼보임
김시선,2.5,보는 이유가 문근영인 사람 손 들어.
딸기우유,4.0,감독이 여자라그런지 여주 감정이 너무 사실적이라 놀랐다.혼자 나와 빗속에서 우는장면.데이트를 하고는 있지만 불편한 그 무엇.말그대로 오래된 커플에게는 불씨가 될 자극제가 필요할지도
라하나,5.0,"엄마랑 보고싶었던 영화인데
결국 혼자보며 엄마그리워한 영화"
오드헉 네이버블러그wooju91111,2.0,감동을 너무 작위적으로 줄려고해서 있지도 않은 사실을 연출한 감독에게 한 마디 하고싶다 &quot;체육관에 남북 관중들이 부등켜안고 부른 아리랑은 실화인데 이게 더 아름답지 않나요?&quot;
박관우,3.0,어릴때봤는데 그때는 정말 순수했었나보다 그땐 이 영화를 그렇게 재밌게 봤었는데
이동진 평론가,4.5,007 시리즈가 꿈도 꾸지 못했던 경지.
다혜,4.0,"많은 사람들이 아킬레스가 내뿜는 테스토스테론에 열광할 때, 나는 헥토르에게서 진짜 &#x27;남자&#x27;를 봤다."
송홍근,2.5,오리엔탈리즘의 끝을 보여주는 영화. 이렇게 노골적으로 동양비하의시각이 드러나는데 그저 무감각하게 즐기는 사람들이 많다는 현실. 일본이만든 영화에 백제사람들이 괴물로 나와도 이럴래?
오뱅이삼촌,1.0,이정도면 각본만 봐도 안 될 영화라는 감이 오지 않았을까? 아니면 의리 때문이었나?
박형곤,2.5,외모가 일단 완벽해야 외모가 다가 아님을 말할수 있는 모순
멸치꼴깍,5.0,"그에게 작별을 고하며, 기나긴 여정에 경의를 표한다. 이건 시리즈에 주는 별점이다."
미순,1.0,벨라 샹년 시동건다
안준서,4.0,"미국식 코미디의 정수.

언제나 시리즈의 성공여부는 주로 2편이 결정짓는데, &#x27;맨인블랙 2&#x27;는 시리즈의 다리역할을 완벽히 소화함과 동시에, 신선한 장르적 쾌감까지도 선사한다."
주보라,5.0,"내가 네 기억이고 니 마음이야. 알았지?
나는 당신을 기억하지 않아요. 당신은 그냥 나한테 스며들었어요. 나는 당신처럼웃고 당신처럼울고 당신냄새를풍겨요."
홍성윤,1.0,이 영화 후에 엑스맨을 살리기 위해서는 과거로 돌아갈 수 밖에 없었다
우요셉,3.0,총알휘는영화
김세영,4.0,내가 새우도 좋아하고 볶음밥도 좋아하지만 새우볶음밥은 싫어할 수 있는 거잖아
송홍근,4.5,무엇보다도 한국에서 이만한 스릴러가 나왔다는 것에 감탄. 치밀한 스토리 전개가 돋보이는 스릴러 수작. 억지스러운 몇몇설정이 유일한 흠.
Elaine Park,1.5,분명히 영화표가 있는데 기억이 안나네....
상준,3.0,어장관리의 정석
최현석,5.0,박찬욱광기의절정. 국내에서가장저평가되는작품
김성현,5.0,"영화 셜록홈즈3도 기대되지만, 솔직히 영드 셜록3가 더 기대된다"
곽승현,3.5,러브 액츄얼리 아류작이라는 생각부터 들었지만 곧 형식만 빌렸을뿐 하고 싶은 이야기가 또렷하단 느낌을 받았다. 캐스팅은 무슨 생일상 받는 느낌. 하지만 내내 회의적으로 보다 니체에 마지막 문구에 마음을 돌렸다.
이윤수,4.0,딸바보 끝판왕
김가영,0.5,왓챠 별 반개 기능 업데이트돼서 반개 빼러 다시옴
김성호 영화팬,1.0,한국영화의 발전을 위해 이런 영화는 확실히 응징해줄 필요가 있다고 생각합니다. 오냐오냐 하며 받아주니까 수준미달의 속편을 계속해서 내놓는 것이니까요.
공장장,5.0,사심 가득 담아서 별 5개.
Park Dae-won,4.0,"김민희의 재발견.
결말의 아쉬움."
신한나,1.0,한번 보고 잊을 영화
11,4.0,"나는 혼자다라는 외로움의 드라마적인 표현이 너무 좋았다
좀비영화에서 보여줄 수 있는 그 이상의 영화
추천"
박정제,1.0,"그래, 모든 인간적 문제와 범죄를 신앙으로 표백해 버려야지. 이만한 표백제가 우리집에도 있었으면."
찌꼬꽁,3.5,송새벽아니였으면 어쩔뻔?
GEOGRAPHIC,3.5,할머니들이 웃겨주다니 ㅋ 의외로 그 조합이 잘 맞았고 성공했다^^
지예,2.5,"남자는 미치면 모든걸 잃지만
여자는 미쳐서 뭔갈 얻는다."
김호진,0.5,"고맙게도 이때부터 조폭영화가 줄어들기 시작한것같다.
한국영화발전에 기여한 영화"
이동진 평론가,4.0,서툴고도 아름다웠던 젊은날에 보내는 아릿한 송가.
이승수,0.5,드디어 이걸 안봐도 되!
JJ,3.5,부부가 세트로 섹시하고 난리. 권태기 극복 한번 화끈하다! 그야말로 전쟁같은 전희까지. 난장판 된 집에서 맞는 상처투성이 둘의 아침은 다 깨진 컵을 들고서도 로맨틱하기 그지없다.
황대환,4.0,어두운 내용만큼 영화를 지배하는 다운된 톤이 너무 좋다. CG팀의 우아한 마법도. 보다가 울뻔 했음.
영화,2.5,"나중엔헷갈리는지경에오르는
이름하여..&#x27;실은내가니편인것이맞는것이맞는것은아니라고
말하는것이맞는것이아닌것같지만맞는것일수도
같은영화&#x27;.
오로지액션값만세개액션은재미있었다그나마그것때매
본듯"
BECKS,2.0,춘향전에서 방자라는 새로운 관점이라 신선할 줄 알았더니 이렇게 재미없을 줄 몰랐다
이동진 평론가,4.5,흡사 윤리학적 실험실 같은 강렬한 설정에 담긴 딜레마.
민경,0.5,오토바이가 질주하는데 이토록 긴장감없는 건 처음^^.. 킬링타임용으로도 아깝..^^^
이동진 평론가,2.5,해적 보러 갔다가 인어만 보고 나온 경우.
제시,5.0,신이되려는 인간은 더이상 인간일 수 없기에 그렇게 스스로 존엄성을 파괴해나간다
HarryPotter,5.0,ㅍㅌㅊ인데 닉값해야해서 5점줌
영지니어스,5.0,전설의시작
허기자,0.5,"이렇게 촌스럽고 완성도가 떨어짐에도 불구하고, 만족하는 관객들과 평단. 그들에게 화가 난다."
Tony An,2.0,임창정 하나가 영화의 큰 빈틈을 메꾼다.
이동진 평론가,2.5,"질감 약한 볼거리, 메아리 없는 메시지."
최종현,5.0,히스레져에게 찬사를.
황재호,3.0,"재밌다, 다시보긴 싫다"
신현영,4.5,"형만한 아우없다
아니다.
잭스패로우의 매력은 두배
스케일도 두배"
유동연,3.0,공론화했다는 것만으로도 가치있는 영화
박영서,3.0,이 영화는 시리즈물이여야한다. 물론 배우들 그대로쓰고.
이동진 평론가,3.5,스파이더맨 2 &gt; 스파이더맨1 &gt;&gt;&gt; 어메이징 스파이더맨 &gt;&gt; 스파이더맨3.
JJ,3.5,"촌스럽고 유치해도 가끔 그리운 그 시절만의 감성이 있다 여전히 좋은 신승훈의 노래도
뭐 사실 그런거 다 빼도 그때의 그 전지현이 있으니
찰랑이는 생머리 앞에선 모든 점수가 후해진다"
JessicaK,2.0,바람과함께 사라지다를 네이버에 검색했을때 gone with the wind 가 아닌 이게 나올때의 분노란... 제목을 지은 분의 의도가 궁금하다 ..
hoone,3.0,"이 가문의 영광은 여기까지....
안타깝게도 이후로 가장 처절한 몰락을
경험하기 시작한다."
이동진 평론가,1.5,세번 웃었다. 영화를 보며 내가 세번 싫었다.
왓차녀,2.0,이 영화로 인해 전국의 초등여학생이 조폭마누라라는 별명을 얻었지?
이수진,5.0,살인을 추억이라 생각하는 자. 그 자가 바로 범인이다
이동진 평론가,5.0,덕분에 지난 3년간 행복했습니다.
목표는 영화 10000편 보기,4.0,CG는 조금 빈약하지만 영화가 개봉한 지 17년이 지난 오늘날까지도 충분히 세련되고 품위를 유지할 수 있는 작품.
파일로밴스,5.0,영화는 확실히 시간이 지나고 나서 본사람의 평가는 절하되는 경향이 있다ㅡ그치만 그당시엔 적어도 내가알고있는 남자들은 친구대사를 줄줄이 외우고 다녔고 동수가 몇번찔린거까지 세어봤다
Damian Jeon DongHyun,5.0,"한국사람들이 좋아할 만한 모든 요소를 가지고 있다. 군대 음모 북한....
그러나 내가 이 영화에 5개의 별점을 준 건 허준호가 사탕을 떨어뜨리는 장면을 잊을수가 없기 때문이다."
-채여니 영화평-,5.0,미국에 살고있는데 역사시간때 이 영화를 나랑 친구가 적극추천해서 영어자막틀고 다같이봄. 다인종 친구들 다같이엄청움. 백인선생님 감동해서 그날 디비디 바로삼ㅋㅋㅋㅋ그리고 다들 원빈찬양ㅋㅋㅋ 한 다섯번은본듯
조2랑,1.5,원빈 영상화보에 총알파티 끼얹음
이동진 평론가,4.0,장중하고 우아한 마무리.
신현영,5.0,팝콘비 장면은 아직도 생생하다
김서연,1.0,오마쥬도 아닌 짝퉁. 여느 하나 가위손을 따라하지 않은게 없더군. 없는 연출력 쥐어짜 따라했을 노고에 별 한개 드립니다..
SJ,3.5,동서양의 조화를 이룬 김치웨스턴. 아주 맛있진 않지만 색다르다.
이동진 평론가,4.0,무엇보다 탁월한 캐릭터 코미디.
이동진 평론가,4.0,한국 액션영화의 새로운 이정표.
김성호 영화팬,3.0,춘화의 경제력을 통해 나머지 멤버들이 처한 문제를 한 순간에 해결하는 억지스러운 결말이 몹시도 마음에 들지 않았지만 단점보다 장점이 훨씬 많은 영화임을 부정할 수는 없다.
이동진 평론가,2.0,과유불급(過猶不及).
김경찬,4.0,"가장 기억에 남는 건
선수들이점프할 때 나오는 OST"
PKS,1.0,"끊임없이 강요한다.
이래도 안웃겨? 
이래도 안슬퍼?
이래도 감동적이지않아?
이래도?
이래도?!
이래도?!?!"
이혜진,5.0,봉준호는 대중과 가까운 천재다 
김진수 평론가,5.0,다른건 모르겠고 난 박보영이 좋아. 거기다가 노래도 부르잖아. 그럼 끝이지.
왓차녀,5.0,이게 진짜 천만영화지. 초등학생 땐 뭣도 모르고 봤었는데 좀 크고 보니 진짜 수작이라고 느낌 이 영화 결말이 알려주는 의미는 기가 막힘
박주영,5.0,"내가 스마트폰으로 지금당장 찍어 만드는 영화도 이병헌이 연기하면 돈받고 내걸수있을정도.
이보다 더 잘할수 있는가?"
kkrrrr,2.0,"여기서 웃으세요, 여기선 울어야죠. 자 이제 화냅시다."
심세훈,3.5,"이때부터 한국 천만 영화가
꼬이기 시작한 듯.."
김미은,3.0,니가그러케 따움잘해?옥땅으로 따라와
이동진 평론가,1.5,갓 제대한 학도병들이 만든 영화 같다.
신현영,5.0,"&#x27;샘 레이미&#x27;의 스파이더맨
진정한 영웅철학을 보여주는 시리즈의 결정판."
JM.Y,5.0,평생을 그리워하고 또 그리워할 애니메이션.
가키레나,5.0,감독판 엔딩으로 나왔더라면 완성도 있는 영화로써 더 사랑 받았을 지도.. 엔딩씬보고 모든 고리들이 연결 될 때 놀라웠다 첫째 둘째도 사산아 였다는걸 감안할때 굴레가 계속 된 걸까?
원뉴,4.5,누가 미친놈일까 추리하다 내가 미친놈이 되는 기분
클린트옹,5.0,&quot;오늘 못볼지모를니까 미리인사하죠 굿애프터눈 굿이브닝 굿나이트&quot;
이다예,0.5,진짜 별로...
April Byeon,4.5,"“&lt;공동경비구역 JSA&gt;는 21세기에서 가장 멋있는 엔딩이다.”

-쿠엔틴 타란티노"
KCH,4.0,여자죽고 더재밌어졌다
NY,1.0,강동원 고수가 나와도 용서가 안됨
이동진 평론가,3.0,캐릭터의 약점을 영화의 장점으로 바꾸는 솜씨.
이동진 평론가,3.5,한바탕의 신나는 난장을 만들어내는 유희정신.
이동진 평론가,4.5,사랑은 꼭 그 사람일 필요가 없는 우연을 반드시 그 사람이어야만 하는 운명으로 바꾸는 것.
christmascactus,5.0,이 영화 때문에 내가 평가한 다른 영화들의 평점을 하나씩 내려야만 하는 참사가 일어났다
이동진 평론가,4.5,"눈의 잔상과 편지의 이명, 끝내 남아 있는 사랑의 흔적들."
Damian Jeon DongHyun,5.0,조폭영화를 끔찍히 싫어하지만 만든다면 제발 이렇게 만들어라. 이곳에서의 조폭은 영웅이 아니다. 당시의 상황을 제대로 표현하고 배우들의 연기가 최고로 어우러진 진.짜.조폭영화.
jsp,4.5,앤 해서웨이가 정말 예쁘게 나오는 영화 차차 변해가는 과정이 재밌음
이동진 평론가,3.5,158분을 달리고도 소진되지 않는 에너지.
최영훈,5.0,"로봇액션물을 표방하는 이 영화의 본질은 따뜻한 가족영화다.
양머리를 걸고 개고기를 파는 영화.
하지만 그 개고기는 너무나 훌륭하고 감동적이다."
한준,5.0,"레옹은 부족한 영화다. 
인간들만 보기에는... 
개인적으로 강아지들도 봤으면 좋겠다."
niknik,5.0,한국 스릴러라는 점을 감안했을때 이정도의 스토리라인과 연출이면 충분히 수작으로 평가받을만하다.
김준형,4.0,도대체 누가 장애인인걸까. 열심히 달리면서 행복하다고 하는 주인공일까? 아니면 나태한 나일까?
신한나,4.0,우산이 있는데 비를 맞는 사람이 어디 저 하나뿐인가요?
신현영,4.5,"수트를 벗었을 때 빛이 나면
비로소 진정한 영웅이 된게 아닐까."
이환희,3.0,지금 개봉했으면 감독 철컹철컹했을 영화
이알미,5.0,"당시 커플이 이영화 같이보면
남잔 막 웃으면서 재밌다고 하며 극장 나오고 
여잔 울었거나 착찹한 맘으로 나온다는 얘기가 있었다

정말 관심따위가 뭐라고..  ㅠ 이백퍼센트 공감"
