title_url,code
spotlight-2015,mnp3sa
wiheomhan-somun-jjirasi-2013,mizwpr
before-midnight-2013,mkrc6e
iyagi-2012,m3vcz7
transcendence-2014,mef2j2
inganjungdog-2013,mkpnzb
the-hunger-games-2014,mfvxi2
the-intern-2015,mlqosw
byuti-insaideu-2014,mndtm0
geomeun-sajedeul-2015,mtb5m7
naebujadeul-2014,mtndts
silent-hill-2006,mluxpt
the-martian-2015,mc4mas
the-time-travelers-wife-2009,mwfm8t
gundo-2012,mnerjj
sin-city-2005,mo0weh
mudeomggaji-ganda-2013,muiysd
big-hero-6-2014,mxy831
lucy-2014,my1nf4
the-bucket-list-2007,mjoctb
guns-and-talks-2001,m4g420
amsal-gaje-2015,mfbyqj
beterang-2014,m0e0ng
the-maze-runner-2014,mitzzb
d-war-2007,m0g5q8
geoncughaggaeron-2012,mi2x6x
august-rush-2007,mfk8wd
bruce-almighty-2003,mp8xml
lust-caution-2007,mp0bz7
pulp-fiction-1994,ml4cgi
sinsegye-2012,mjhf1r
frozen-2013,mzsb4x
kick-ass-2010,me7v4e
robot-2004,mrigok
king-kong-2005,m2fabg
avatar-2009,m0dcoj
the-notebook-2004,msxso3
myeongryang-hoeoribada-2012,myzist
deadpool-2014,mjjua7
the-kirishima-thing-2012,m4oyjk
before-sunrise-1995,ma5zw8
miao-su-5sentime-toru-2007,m1fxkj
gone-girl-2014,mtd1mb
midnight-in-paris-2011,m8g8z7
the-grand-budapest-hotel-2014,msi4ha
mad-max-fury-road-2013,mpgxes
all-you-need-is-kill-2014,mceqxs
jurassic-park-1993,mtx4d2
x-men-days-of-future-2014,mh3gkw
no-country-for-old-men-2007,mktnsl
the-secret-service-2015,mximp4
interstellar-2012,mrql0a
whiplash-2014,m5k7a7
can-a-song-save-your-2013,mk4kyg
the-imitation-game-2014,mng32c
her-2013,m2hi21
everybody-has-secrets-2004,mt86ah
gloomy-sunday-ein-lied-1999,mg3217
gong-gong-di-public-2002,mwxjy6
the-40-year-old-virgin-2005,mkjqh6
american-beauty-1999,m8ufne
8-mile-2002,mh2rsk
eight-below-2006,mnm2k4
romaentig-ailraendeu-2008,m7wg12
once-upon-a-time-in-the-2003,mc4urs
sheng-huo-yi-fa-jian-on-2002,muyd58
a-barefoot-dream-2010,m2mw86
you-are-the-apple-of-my-2011,mitbpo
bagsugeondal-2012,mdweh0
boys-over-flowers-final-2008,mt8744
the-amazing-spider-man-2-2014,mrx11j
infernal-affairs-3-2003,m43o8o
harold-and-kumar-go-to-2004,md4igc
home-alone-3-1997,mmi5y8
haegyeolsa-2010,mwbxk6
let-me-in-2010,mtq78d
10-things-i-hate-about-1999,msskf1
happy-life-2007,miutep
childs-play-1988,mpanm3
infernal-affairs-ii-2003,mthrim
basic-instinct-1992,m3lvzg
the-hangover-part-ii-2011,mcvm7z
blades-of-blood-2010,mt7nze
hello-schoolgirl-2008,mqdgan
the-unforgiven-2005,m50h2w
yongyija-2012,m4foq4
the-reader-2008,mfy4ab
just-my-luck-2006,malxze
antique-2008,mc2f6n
shi-shi-li-2km-2004,mowzpq
zhao-xin-ari-one-missed-2003,m1a6su
volcano-high-school-2001,midtmb
oceans-twelve-2004,m0gup0
chaw-2009,mcrory
sex-is-zero-2-2007,mhoc0o
namjasayongseolmyeongseo-2012,m8z3vm
vampire-cop-ricky-2006,mubuqy
blood-diamond-2006,mvmg6f
my-brother-dot-dot-dot-2004,m1okpn
crying-fist-2005,m7u3ah
django-unchained-2012,mte5ra
kingkongeul-deulda-2009,m3if1i
a-chinese-ghost-story-1987,meu5i0
holiday-2005,mqthmb
before-sunset-2004,mllbsp
moneyball-2011,mz01i2
starship-troopers-1997,mvh8qx
bloody-tie-2006,mkfh8n
total-recall-2012,mvpjmp
sunny-2008,mnbiyl
the-great-gatsby-2013,m23yek
save-the-green-planet-2003,mu6oiq
the-lost-world-jurassic-1997,myz3t5
evan-almighty-2007,mbm3ke
highway-star-2007,m0qx0b
saw-ii-2005,ma8qpz
rong-yi-zhe-xfalsexian-2008,myxs5d
coyote-ugly-2000,mngi84
prometheus-2012,mw8h6h
stuart-little-1999,m67fdy
ice-age-2002,mh0dq7
the-pursuit-of-happyness-2006,mmfh1n
attack-the-gas-station-1999,mjjxle
armageddon-1998,m1mfl5
corpse-bride-2005,mnwye6
kung-fu-hustle-2004,m6iupo
gimjongug-cajgi-2010,m8ncrz
step-up-2006,mvut3g
toy-story-2-1999,mzgpsq
the-mask-1994,mofrha
home-alone-2-lost-in-new-1992,mn12gq
the-lion-king-1994,m4mebb
kung-fu-panda-2-2011,mitx0w
ratatouille-2007,mhets3
shrek-2001,mg8q86
captain-america-the-2014,mlsy4n
the-pianist-2002,msxh53
the-housemaid-2010,moqxqy
pacific-rim-2013,mglvfs
world-war-z-2013,mdam37
Cold-Eyes-2013,m0jvyh
The-Terror-LIVE-2013,mxum57
secretly-greatly-2012,ml1hxu
gwansang-2012,ml5aa4
muay-thai-warrior-2003,m2m5to
gravity-2013,mqt6x3
byeonhoin-2013,mdbk3d
the-secret-life-of-walter-2013,mfvyka
planman-2014,ma5hkj
side-effects-2013,mkxpf0
gyeolhonjeonya-2013,mo65yr
about-time-2013,mavtqc
jibeuro-ganeun-gil-2012,masq5a
the-city-of-violence-2006,mdgec6
deja-vu-2006,mox73h
breathless-2008,mpub8i
susanghan-gogaegdeul-2011,mocf18
this-means-war-2012,m0ipgi
yes-man-2008,m54p7d
gongmojadeul-2012,mlg6fr
the-moonlight-of-seoul-2008,m6okqd
17-again-2009,m1q3ns
little-miss-sunshine-2006,mf1ulj
eye-for-an-eye-2008,mrbepx
no-manners-2002,m76ewl
star-rec-2007,mhxj21
the-art-of-fighting-2005,moygv6
xi-you-ji-di-yi-bo-ling-0,m5qgcv
kill-bill-vol-2-2004,me674m
accepted-2006,mo5aco
district-13-2004,mzodi4
a-tale-of-two-sisters-2003,m3yznn
summer-wars-2009,mio4cc
50-first-dates-2004,m34vms
actresses-2009,mpcxdy
sympathy-for-mr-2002,mn3jzi
x-men-2000,ma1zfg
resident-evil-2002,m51uo4
paranormal-activity-2007,mtrm04
the-usual-suspects-1995,moxhll
jurassic-park-iii-2001,mbqc3k
twilight-2008,m3fpkn
moon-2009,mxrhch
rough-cut-2008,mtl4ch
love-and-other-drugs-2010,mb15ap
dont-believe-her-2004,mzd8od
hoodwinked-2005,msy1z6
romance-of-their-own-2004,m1c2fr
inc-2001,mvnrti
tonarifalse-totoro-my-1988,mq1oq0
the-hunger-games-2012,mvv0vw
chicago-2002,ms7uf6
i-am-number-four-2011,mecox6
click-2006,m11bfn
shaolin-soccer-2001,maqscg
the-scam-2009,m4dtyu
suuinguga-ruzu-swing-2004,myrp3k
final-destination-2000,mlvy4n
dawn-of-the-dead-2004,m0v4xn
the-holiday-2006,mcedsb
music-and-lyrics-2007,ma38kj
wu-jian-dao-infernal-2002,mjiva3
saw-2004,m5uowq
law-abiding-citizen-2009,mzunmm
28-days-later-dot-dot-2002,mczpua
purpose-of-love-2005,mxbcok
white-chicks-2004,m1pgln
in-time-2011,m4yd62
r-point-2004,mefddx
someone-special-2004,mropz3
radio-star-2006,my38rz
a-bittersweet-life-2005,mrjmaw
the-incredibles-2004,mho23g
the-show-must-go-on-2007,mk7xer
the-hunger-games-catching-2013,mxgc8u
resurrection-of-the-2002,meli67
from-paris-with-love-2010,m07ooo
rob-b-hood-2006,mn7jwj
righteous-ties-2006,mnqvyl
zuo-tou-shi-zatoichi-2003,mm6e4l
shanghai-knights-2003,m5jdhh
a-company-man-2012,maxs87
collateral-2004,m62ym3
crows-zero-ii-2009,m5h6hr
the-tuxedo-2002,m1v0fd
mission-impossible-ii-2000,mkhz2w
drunken-master-1978,mkhmn6
hero-2002,m7mz86
the-transporter-2-2005,m8pjhl
wild-card-2003,m5jj2w
ip-man-2-2010,mv8h4w
the-transporter-2002,mwa1uc
kuro-zu-zero-crows-zero-2007,meshoa
ninja-assassin-2009,mqexsi
transporter-3-2008,mtvp2s
oceans-eleven-2001,mr684y
the-bourne-legacy-2012,m0dwnk
crank-2006,mggiyi
fighter-in-the-wind-2004,mscv58
arahan-jangpung-2004,mj2a34
kill-bill-vol-1-2003,m8izfz
the-legend-of-ip-man-2008,mkt80x
the-hobbit-the-desolation-2013,m4rnoo
zhong-tian-the-restless-2006,mh7htv
the-hobbit-there-and-back-2014,msljhi
the-promise-2005,maoz62
the-fox-family-2006,m6xude
nu-you-hun-ii-ren-jian-1990,mjahq7
a-chinese-ghost-story-2011,m2hkct
harry-potter-and-the-2004,m3r075
pirates-of-the-caribbean-2003,mcskoh
spider-man-2002,mprd2e
clash-of-the-titans-2010,m48i43
batman-begins-2005,m4c3ja
x-men-origins-wolverine-2009,mcoqds
van-helsing-2004,m8e455
hancock-2008,myn67b
edward-scissorhands-1990,m8ttd2
harry-potter-and-the-half-2009,ma1vss
charlie-and-the-chocolate-2005,m4s0ne
crazy-for-wait-2007,m1esls
the-naked-kitchen-2009,meefs7
a-millionaires-first-2006,mnk2n1
more-than-blue-2009,mhpeb3
shi-yue-ai-2000,mwidiu
dot-dot-dot-ing-aienji-2003,mu8i11
closer-2004,m6xyzr
tada-jun-woai-siteru-2006,mowftc
youre-my-sunshine-2005,mk4qeu
be-with-you-2004,m3y784
the-i-inside-2003,m7qudd
the-jacket-2005,mwpiyl
sibeog-a-million-2009,m0uvyv
desufalse-to-qian-bian-2006,muyje0
disturbia-2007,mpnrz7
blindness-2008,m6ujv3
vanilla-sky-2001,mvemex
the-sixth-sense-1999,m7ad72
the-prestige-2006,my54jt
the-game-2007,me8wal
death-note-the-last-name-2006,m7d7mw
phone-booth-2002,mksi34
snowpiercer-2013,mk54ix
the-thirteenth-floor-1999,mr3gov
jumper-2008,m1ejg4
twelve-monkeys-1995,mox3tp
district-9-2009,mxa7i5
cloverfield-2008,mp1rne
abuyi-wang-2012,mjvl04
captain-america-the-first-2011,mpg5ud
champ-2011,mjbtzy
neoneun-pes-2011,m33w14
jeongugfalseraejarang-2012,m3vhxp
looper-2012,mszx37
dark-shadows-2012,mftl3t
source-code-2011,mnh8fb
ghost-sweepers-2012,mih42r
gamunyi-yeonggwang5-2012,mhgox8
altubi-riteontubeiseu-2012,m4ikek
the-taste-of-money-2012,mvastk
thor-2011,me47yc
warm-bodies-2013,mtgrbt
the-scent-2012,mb7ozq
ganceob-2012,mcz67h
eungyo-2012,mkko2n
the-twilight-saga-2011,m1saco
oblivion-2013,msxhok
late-autumn-2010,m04msh
once-2006,mup38m
like-you-know-it-all-2008,mo532n
rise-of-the-planet-of-the-2011,mb7xbv
gran-torino-2008,m1nmk1
let-the-right-one-in-2008,mcddu5
million-dollar-baby-2004,mkhim6
the-departed-2006,ml05k8
the-hurt-locker-2008,mrz0y0
slumdog-millionaire-2008,mn4gf4
sunflower-2006,m6r675
limitless-2011,mate0m
thor-the-dark-world-2013,m6fhqj
nowhere-to-hide-1999,mf3ngx
the-big-swindle-2004,m7vljw
mission-impossible-1996,mxc47c
21-2008,mi7vjk
bleak-night-2010,ml8cth
constantine-2005,mu4tyb
cloud-atlas-2012,m2q8io
now-you-see-me-2013,msiz3p
oldboy-2003,mopgut
my-wife-got-married-2008,m3pvxk
going-by-the-book-2007,m04ifp
sherlock-holmes-2009,m7tjbe
geobugi-dalrinda-2009,m2f243
public-enemy-returns-2008,m8yqly
harry-potter-and-the-2002,mtv0nn
face-slash-off-1997,my74yj
men-in-black-1997,my616f
the-hangover-2009,mnogbf
hear-me-2009,mzcp3b
jerry-maguire-1996,mm1l0d
frequency-2000,mc64xt
eternal-sunshine-of-the-2004,mt5dwc
secret-2007,m8z5c6
wish-2009,m6z5ky
interview-with-the-1994,m4mo2b
the-matrix-revolutions-2003,mutzxs
love-actually-2003,m3v6yf
eob-2009,mb1kaj
wolf-children-2012,me67t3
wall-e-2008,mnvh8p
the-matrix-reloaded-2003,mdh12r
home-alone-1990,m3rjd5
catch-me-if-you-can-2002,m2ilq2
memento-2000,mahmf6
contact-1997,m7agr8
the-legend-of-1900-1998,m2k4fm
minority-report-2002,mq01ar
zhong-qing-sen-lin-1994,mp6skn
shi-wokakerushao-nu-the-2006,m4wtoi
peter-shaffers-amadeus-1984,m7z41i
the-princess-mononoke-1997,m2282s
identity-2003,md7grp
the-lives-of-others-2006,mhu6xp
toy-story-1995,m81b3h
saving-private-ryan-1998,mnu3qe
life-of-pi-2012,mpta0t
iron-man-2008,mv5lpd
dead-poets-society-1989,matt5g
fight-club-1999,m7kgsf
gladiator-2000,m12ou6
the-bourne-identity-2002,myrn7e
3-idiots-2009,mss7o7
xi-you-ji-wan-jie-pian-199,mq7nqu
forrest-gump-1994,mptnn8
life-is-beautiful-1997,mqsgvr
the-matrix-1999,m5tttv
alice-in-wonderland-2010,mfxudx
knight-and-day-2010,moprl2
war-of-the-worlds-2005,mlk7sq
the-unjust-2010,mogs6w
the-hobbit-an-unexpected-2012,m0o5zh
men-in-black-3-2012,m85knc
wandeugi-2011,mdkl38
iron-man-2-2010,m6bxsy
deranged-2012,mrhfga
kung-fu-panda-2008,mkwscr
2012-2009,mracit
may-18-2007,mnn46b
i-saw-the-devil-2010,m5i704
the-day-after-tomorrow-2004,mzi3ll
a-dirty-carnival-2006,m1ubxw
nayi-ps-pateuneo-2012,mm1jup
blood-rain-2005,mlmazy
the-big-scene-2005,mniypi
my-scary-girl-2006,m3yzwv
eagle-eye-2008,m4x8a2
taken-2-2012,mhrpii
yin-luan-shu-sheng-2006,m0gw4s
poseidon-2006,mpun0w
miindo-2008,mclwpj
iussaram-2012,mz5nqi
x-men-first-class-2011,mjl2w4
miracle-on-1st-street-2007,mqkqgy
the-front-line-2011,m4awac
mother-2009,mgnets
ossaghan-yeonae-2011,mnbgb2
harmony-2009,m54gng
hello-ghost-2010,moliec
harry-potter-and-the-2007,m73ery
harry-potter-and-the-2001,myweqh
ssanghwajeom-2008,mlfk1z
the-divine-weapon-2008,m885we
forever-the-moment-2007,mmq4ll
daensingkwin-2012,ml1j18
spider-man-3-2007,mh8gxy
my-tutor-friend-2003,m8d550
the-chaser-2008,miipzb
pirates-of-the-caribbean-2007,mcctgd
the-lord-of-the-rings-the-2002,m3qylw
titanic-1997,mc57ne
my-teacher-2005,m0il00
mission-impossible-iii-2006,mknkjl
yihyeongje-2010,momlxz
tower-2012,mbqdkn
the-war-of-flower-2006,mp1qyn
les-miserables-2012,mi7d0g
inception-2010,mevucc
jeon-woochi-the-taoist-2009,m8hh0b
war-of-the-arrows-2011,mzxgsr
transformers-2007,m1um48
mission-impossible-ghost-2011,mwr1c6
transformers-dark-of-the-2011,mzj3ue
the-art-of-seduction-2005,mfxvfz
dancing-princess-2005,m8uego
yeonaeyi-truedo-2012-1,magpxx
goodbye-mom-2009,msqfg6
as-one-2012,mvvg6n
ghost-house-2004,mj6zqy
the-bourne-ultimatum-2007,m0u13w
troy-2004,mhzwd8
300-2006,m6esbn
another-public-enemy-2005,m5u3vj
200-pounds-beauty-2006,ma5rxk
harry-potter-and-the-2011,m4i1dy
the-twilight-saga-new-2009,myj61d
men-in-black-ii-2002,mihqvx
a-moment-to-remember-2004,mn7bpi
x-men-the-last-stand-2006,mxfcdc
wanted-2008,m3h53h
when-romance-meets-2005,mxr8la
seven-days-2007,monjhe
petty-romance-2010,mntllh
the-twilight-saga-2010,mzljj3
thirst-2009,mbp1dg
sherlock-holmes-a-game-of-2011,mwjodr
all-for-love-2005,m2dj2f
taken-2008,m2ww4k
sector-7-2011,m83bhc
gamunyi-yeonggwang-4-2011,m5auhd
haurufalsedong-kucheng-2004,m22i2t
hwaca-2012,m5trs6
bancangggo-2012,mnizhx
i-am-legend-2007,mzay3r
maundy-thursday-2006,madnqg
wiheomhan-sanggyeonrye-2011,mabx1u
mapado-2005,mbyy04
hugung-jewangyi-ceob-2012,mvi300
marrying-the-mafia-3-2006,m7eo0r
sirafalse-yeonaejojagdan-2010,mbj6nm
the-twilight-saga-2012,mzxagr
mr-and-mrs-smith-2005,m30na7
harry-potter-and-the-2010,m5b2rc
salt-2010,mlviqx
bangjajeon-2010,mddkte
sympathy-for-lady-2005,mojxyd
kwig-2011,mtc1ky
pirates-of-the-caribbean-2011,mpj7jp
the-island-2005,mdra8k
harry-potter-and-the-2005,m64me5
the-lord-of-the-rings-the-2001,mabqky
7th-grade-civil-servant-2009,mqaijm
sex-is-zero-2002,mbhwew
typhoon-2005,m1rxnh
the-dark-knight-2008,mha0zq
night-at-the-museum-2006,mcyw5x
pirates-of-the-caribbean-2006,mg64md
silenced-2011,m7plwx
detective-k-2011,mtbzqo
the-amazing-spider-man-2012,m25rjp
my-sassy-girl-2001,mqildo
baramgwa-hamgge-sarajida-2012,m8npt3
marrying-the-mafia-2002,mdtozj
marrying-the-mafia-ii-2005,mnu70m
my-wife-is-gangster-2001,mj0cp3
memories-of-murder-2003,m1o0bd
the-lord-of-the-rings-the-2003,mlvew1
swiri-1998,mmgn1l
friend-2001,mjdb46
silmido-2003,mzqvrj
taegukgi-brotherhood-of-2003,mynhon
the-man-from-nowhere-2010,mreqp6
the-dark-knight-rises-2012,ms8t2k
welcome-to-dongmakgol-2005,mzvmtt
a-werewolf-boy-2012,mhptrv
the-good-the-bad-the-2008,muuvio
the-avengers-2012,m3smdg
the-berlin-file-2012,magenu
sunny-2011,myrr0v
transformers-revenge-of-2009,mnm1h8
take-off-2009,mgdnhf
haeundae-2009,m8gkma
the-host-2006,ms5fec
speed-scandal-2008,m2izec
er-king-and-the-clown-2005,m1l5lg
gwanghae-wangi-doen-2012,motei7
7beonbangyi-seonmul-2012-1,mw4vzn
the-thieves-2012,m2vxj4
spirit-of-jeet-keun-do-2004,mv3b4e
71-into-the-fire-2010,mco8ts
spider-man-2-2004,mvqagi
qian-toqian-xun-falseshen-2001,mvzdp0
the-butterfly-effect-2004,mdoyxv
shutter-island-2010,m0gk77
the-truman-show-1998,mkmevg
if-only-2004,mxmz5o
joint-security-area-2000,m35387
the-bourne-supremacy-2004,miogpj
haunters-2010,mksqaw
beulraindeu-2011,ms0tq6
the-school-of-rock-2003,mywkgp
500-days-of-summer-2009,mrcy2s
the-shawshank-redemption-1994,m32kz6
love-letter-1995,mkecxr
beomjoewayi-jeonjaeng-2011,mh7hlp
the-devil-wears-prada-2006,mthg0d
moss-2010,m2r7cf
real-steel-2011,mash3e
leon-1994,m4phlv
naega-salinbeomida-2012,mj6jfk
malaton-2005,mwq1h6
the-classic-2003,mq867z
iron-man-3-2013,mm8zqe
my-little-bride-2004,mm2fh0
all-about-my-wife-2012,mk035p
